[
   {
      "maxClientVersion" : "1.16.999",
      "minClientVersion" : "1.15.999",
      "priority" : 1000,
      "requiredTreatmentTag" : "mc-rp-netherhunter2",
      "type" : "resources",
      "uuid" : "0eafe642-1446-4aeb-8dc2-b0ab6729132d",
      "version" : "1.0.1"
   },
   {
      "maxClientVersion" : "1.16.999",
      "minClientVersion" : "1.15.999",
      "priority" : 1000,
      "requiredTreatmentTag" : "mc-rp-hauntedpark",
      "type" : "resources",
      "uuid" : "12a77823-60ba-4960-87f1-a0e1b78a5f25",
      "version" : "1.0.2"
   },
   {
      "maxClientVersion" : "1.17.999",
      "minClientVersion" : "1.14.0",
      "priority" : 1000,
      "requiredTreatmentTag" : "mc-rp-coinshimmer",
      "type" : "resources",
      "uuid" : "1a5f11d6-4a14-4cc1-a795-8e5bb4d4cfc0",
      "version" : "1.0.4"
   },
   {
      "maxClientVersion" : "1.16.999",
      "minClientVersion" : "1.15.999",
      "priority" : 1000,
      "requiredTreatmentTag" : "mc-rp-wayofthenether",
      "type" : "resources",
      "uuid" : "24fdf967-4ec2-4479-b94c-0caefaadd578",
      "version" : "1.0.2"
   },
   {
      "maxClientVersion" : "1.16.999",
      "minClientVersion" : "1.15.999",
      "priority" : 1000,
      "requiredTreatmentTag" : "mc-rp-glitchrunnersale",
      "type" : "resources",
      "uuid" : "2990d574-f0dc-447d-9674-a8154e512f55",
      "version" : "1.0.4"
   },
   {
      "maxClientVersion" : "1.16.999",
      "minClientVersion" : "1.13.0",
      "priority" : 1000,
      "requiredTreatmentTag" : "mc-emoteandwave2",
      "type" : "resources",
      "uuid" : "3519eb34-d77f-4dfc-a15b-eb3035719c12",
      "version" : "1.0.5"
   },
   {
      "maxClientVersion" : "1.16.99",
      "minClientVersion" : "1.16.0",
      "priority" : 1000,
      "type" : "resources",
      "uuid" : "3604ca6b-fb17-4f27-bb89-e25ae758320a",
      "version" : "1.0.2"
   },
   {
      "endDate" : "2018-10-15T15:00:00Z",
      "maxClientVersion" : "65535.65535.65535",
      "minClientVersion" : "1.6.0",
      "priority" : 1000,
      "requiredTreatmentTag" : "mc-rp-playbig",
      "startDate" : "2018-09-05T15:00:00Z",
      "type" : "resources",
      "uuid" : "45889b11-460e-424c-9058-7f14e99421c1",
      "version" : "1.0.0"
   },
   {
      "maxClientVersion" : "1.16.999",
      "minClientVersion" : "1.13.0",
      "priority" : 1000,
      "requiredTreatmentTag" : "mc-waveonly2",
      "type" : "resources",
      "uuid" : "473063fd-4788-4878-b713-0607c4baa607",
      "version" : "1.0.5"
   },
   {
      "maxClientVersion" : "1.16.999",
      "minClientVersion" : "1.15.999",
      "priority" : 1000,
      "requiredTreatmentTag" : "mc-rp-furnituretropical",
      "type" : "resources",
      "uuid" : "4831d35f-bef4-433b-be8c-2b7a8e27a3e1",
      "version" : "1.0.2"
   },
   {
      "maxClientVersion" : "1.16.999",
      "minClientVersion" : "1.15.999",
      "priority" : 1000,
      "requiredTreatmentTag" : "mc-rp-pacman2",
      "type" : "resources",
      "uuid" : "9136970b-54c3-4809-9f98-89fe0d51b97b",
      "version" : "1.0.2"
   },
   {
      "maxClientVersion" : "1.16.999",
      "minClientVersion" : "1.15.999",
      "priority" : 1000,
      "requiredTreatmentTag" : "mc-rp-glitchrunnernosale",
      "type" : "resources",
      "uuid" : "a8e026d9-a6cc-4dcd-b378-821109b9a7d8",
      "version" : "1.0.4"
   },
   {
      "maxClientVersion" : "1.16.999",
      "minClientVersion" : "1.15.999",
      "priority" : 1000,
      "requiredTreatmentTag" : "mc-rp-papercraft",
      "type" : "resources",
      "uuid" : "aec5429a-cdac-444d-a410-5cf1dae59495",
      "version" : "1.0.3"
   },
   {
      "maxClientVersion" : "1.16.999",
      "minClientVersion" : "1.15.999",
      "priority" : 1000,
      "requiredTreatmentTag" : "mc-rp-nethermonsterhunter",
      "type" : "resources",
      "uuid" : "c22c3f32-ede1-4026-b617-d173c5afab3d",
      "version" : "1.0.2"
   },
   {
      "endDate" : "2018-12-15T15:00:00Z",
      "maxClientVersion" : "65535.65535.65535",
      "minClientVersion" : "1.7.0",
      "priority" : 1000,
      "requiredTreatmentTag" : "mc-rp-xbltomsa",
      "startDate" : "2018-09-05T15:00:00Z",
      "type" : "resources",
      "uuid" : "d41f7a19-3475-4d3b-8ffa-80e2b9734be2",
      "version" : "1.0.0"
   },
   {
      "maxClientVersion" : "1.16.999",
      "minClientVersion" : "1.13.0",
      "priority" : 1000,
      "requiredTreatmentTag" : "mc-emoteonly2",
      "type" : "resources",
      "uuid" : "da6add83-9792-4c59-a1fb-b6a15b59293e",
      "version" : "1.0.5"
   },
   {
      "maxClientVersion" : "1.16.999",
      "minClientVersion" : "1.15.999",
      "priority" : 1000,
      "requiredTreatmentTag" : "mc-rp-fruitzoo2",
      "type" : "resources",
      "uuid" : "e538e740-5176-41d5-abb4-a228992c5ce2",
      "version" : "1.0.1"
   }
]
