{
"content" : [
{
"path" : "contents.json"
},
{
"path" : "textures"
},
{
"path" : "textures/ui"
},
{
"path" : "ui"
},
{
"path" : "ui/start_screen.json"
},
{
"path" : "manifest.json"
},
{
"path" : "textures/ui/evil.json"
},
{
"path" : "textures/ui/evil.png"
},
{
"path" : "textures/ui/bg1.json"
},
{
"path" : "textures/ui/bg1.png"
},
{
"path" : "textures/ui/bg2.json"
},
{
"path" : "textures/ui/bg2.png"
},
{
"path" : "textures/ui/shooter.json"
},
{
"path" : "textures/ui/shooter.png"
},
{
"path" : "textures/ui/watershot.json"
},
{
"path" : "textures/ui/watershot.png"
},
{
"path" : "textures/ui/strawberry1.json"
},
{
"path" : "textures/ui/strawberry1.png"
},
{
"path" : "textures/ui/strawberry2.json"
},
{
"path" : "textures/ui/strawberry2.png"
},
{
"path" : "textures/ui/treatment_button_borderless_light.json"
},
{
"path" : "textures/ui/treatment_button_borderless_light.png"
},
{
"path" : "textures/ui/treatment_button_borderless_lighthover.json"
},
{
"path" : "textures/ui/treatment_button_borderless_lighthover.png"
},
{
"path" : "textures/ui/treatment_button_borderless_lightpressed.json"
},
{
"path" : "textures/ui/treatment_button_borderless_lightpressed.png"
}
],
"version" : 1
}