{
"content" : [
{
"path" : "contents.json"
},
{
"path" : "textures"
},
{
"path" : "textures/ui"
},
{
"path" : "ui"
},
{
"path" : "ui/start_screen.json"
},
{
"path" : "manifest.json"
},
{
"path" : "textures/ui/right.json"
},
{
"path" : "textures/ui/right.png"
},
    {
      "path": "textures/ui/car1.json"
    },
    {
      "path": "textures/ui/car1.png"
    },
    {
      "path": "textures/ui/car2.json"
    },
    {
      "path": "textures/ui/car2.png"
    },
    {
      "path": "textures/ui/car3.json"
    },
    {
      "path": "textures/ui/car3.png"
    },
{
"path" : "textures/ui/building1.json"
},
{
"path" : "textures/ui/building1.png"
},
{
"path" : "textures/ui/building2.json"
},
{
"path" : "textures/ui/building2.png"
},
{
"path" : "textures/ui/treatment_button_borderless_light.json"
},
{
"path" : "textures/ui/treatment_button_borderless_light.png"
},
{
"path" : "textures/ui/treatment_button_borderless_lighthover.json"
},
{
"path" : "textures/ui/treatment_button_borderless_lighthover.png"
},
{
"path" : "textures/ui/treatment_button_borderless_lightpressed.json"
},
{
"path" : "textures/ui/treatment_button_borderless_lightpressed.png"
}
],
"version" : 1
}