{
"content" : [
{
"path" : "contents.json"
},
{
"path" : "textures"
},
{
"path" : "textures/ui"
},
{
"path" : "ui"
},
{
"path" : "ui/start_screen.json"
},
{
"path" : "manifest.json"
},
{
"path" : "textures/ui/player1.json"
},
{
"path" : "textures/ui/player1.png"
},
{
"path" : "textures/ui/monster.json"
},
{
"path" : "textures/ui/monster.png"
},
{
"path" : "textures/ui/bomb1.json"
},
{
"path" : "textures/ui/bomb1.png"
},
{
"path" : "textures/ui/bomb2.json"
},
{
"path" : "textures/ui/bomb2.png"
},
{
"path" : "textures/ui/bomb3.json"
},
{
"path" : "textures/ui/bomb3.png"
},
{
"path" : "textures/ui/treatment_button_borderless_light.json"
},
{
"path" : "textures/ui/treatment_button_borderless_light.png"
},
{
"path" : "textures/ui/treatment_button_borderless_lighthover.json"
},
{
"path" : "textures/ui/treatment_button_borderless_lighthover.png"
},
{
"path" : "textures/ui/treatment_button_borderless_lightpressed.json"
},
{
"path" : "textures/ui/treatment_button_borderless_lightpressed.png"
}
],
"version" : 1
}