{
   "" : {
      "last_fetched_personaOffer" : "2020-07-25",
      "newProductInfoList" : {
         "034ba5ec-3090-4f0c-96f0-d8808015fad2" : {
            "date" : "2020-07-25",
            "isNew" : true,
            "offerType" : "personaOffer",
            "pieceType" : "persona_feet"
         },
         "0388aad8-020f-4149-88d2-cec75498d6d1" : {
            "date" : "2020-07-25",
            "isNew" : true,
            "offerType" : "personaOffer",
            "pieceType" : "persona_legs"
         },
         "1843debc-0365-455d-ad13-580d8c027028" : {
            "date" : "2020-07-25",
            "isNew" : true,
            "offerType" : "personaOffer",
            "pieceType" : "persona_head"
         },
         "24857fea-1933-462f-b9e6-a477e254ec94" : {
            "date" : "2020-07-25",
            "isNew" : true,
            "offerType" : "personaOffer",
            "pieceType" : "persona_top"
         },
         "25358051-5e87-4fe4-bbdf-a9d24d9d7c66" : {
            "date" : "2020-07-25",
            "isNew" : true,
            "offerType" : "personaOffer",
            "pieceType" : "persona_bottom"
         },
         "5a55abf5-ce14-4238-b52f-40920e7e8ada" : {
            "date" : "2020-07-25",
            "isNew" : true,
            "offerType" : "personaOffer",
            "pieceType" : "persona_head"
         },
         "638e7d2e-5d4e-4dde-a979-f342b91cb4da" : {
            "date" : "2020-07-25",
            "isNew" : true,
            "offerType" : "personaOffer",
            "pieceType" : "persona_face_accessory"
         },
         "75e6c7bd-5d70-4eb1-b083-fcdb186e7324" : {
            "date" : "2020-07-25",
            "isNew" : true,
            "offerType" : "personaOffer",
            "pieceType" : "persona_outerwear"
         },
         "772066cf-6b73-4361-a1e6-f7462f6f4296" : {
            "date" : "2020-07-25",
            "isNew" : true,
            "offerType" : "personaOffer",
            "pieceType" : "persona_hand"
         },
         "84b74820-4a6b-41bd-80e7-68ade8aeb95f" : {
            "date" : "2020-07-25",
            "isNew" : true,
            "offerType" : "personaOffer",
            "pieceType" : "persona_back"
         },
         "8f66da13-a950-4683-a097-1979f1c46177" : {
            "date" : "2020-07-25",
            "isNew" : true,
            "offerType" : "personaOffer",
            "pieceType" : "persona_outerwear"
         },
         "a761b7bf-af0b-483b-8d0f-b8c41cd5b7bc" : {
            "date" : "2020-07-25",
            "isNew" : true,
            "offerType" : "personaOffer",
            "pieceType" : "persona_head"
         },
         "b34025c9-716a-452d-a2a4-0b0fde7dcd59" : {
            "date" : "2020-07-25",
            "isNew" : true,
            "offerType" : "personaOffer",
            "pieceType" : "persona_top"
         },
         "c92d000d-8176-4255-8a4b-694efdea52e8" : {
            "date" : "2020-07-25",
            "isNew" : true,
            "offerType" : "personaOffer",
            "pieceType" : "persona_outerwear"
         },
         "ca94203a-fb82-4bef-a88c-8fe508c51266" : {
            "date" : "2020-07-25",
            "isNew" : true,
            "offerType" : "personaOffer",
            "pieceType" : "persona_legs"
         },
         "d7cc02f9-84d8-4fc3-83c3-3bc0b6d50162" : {
            "date" : "2020-07-25",
            "isNew" : true,
            "offerType" : "personaOffer",
            "pieceType" : "persona_hand"
         },
         "dc10ed73-e742-4908-bf6f-e04d3e6bdbd5" : {
            "date" : "2020-07-25",
            "isNew" : true,
            "offerType" : "personaOffer",
            "pieceType" : "persona_head"
         }
      }
   },
   "2535427175106616" : {
      "last_fetched_personaOffer" : "2020-07-25",
      "last_fetched_storeOffer" : "2020-07-25",
      "newProductInfoList" : {
         "034ba5ec-3090-4f0c-96f0-d8808015fad2" : {
            "date" : "2020-07-25",
            "isNew" : true,
            "offerType" : "storeOffer"
         },
         "035e5494-5863-4c4f-b5b4-c2708d2846be" : {
            "date" : "2020-07-25",
            "isNew" : true,
            "offerType" : "storeOffer"
         },
         "0388aad8-020f-4149-88d2-cec75498d6d1" : {
            "date" : "2020-07-25",
            "isNew" : true,
            "offerType" : "storeOffer"
         },
         "04ff0135-149e-444c-b5d2-22b9d175b3e3" : {
            "date" : "2020-07-25",
            "isNew" : true,
            "offerType" : "storeOffer"
         },
         "07dca33c-d6a0-4aad-90d6-e9cd57251fcf" : {
            "date" : "2020-07-25",
            "isNew" : true,
            "offerType" : "storeOffer"
         },
         "096883e6-d79f-41f5-bf35-ddb73c44fffc" : {
            "date" : "2020-07-25",
            "isNew" : true,
            "offerType" : "storeOffer"
         },
         "0b1f0350-1f43-4a55-b69a-6d05178ec02b" : {
            "date" : "2020-07-25",
            "isNew" : true,
            "offerType" : "storeOffer"
         },
         "0b30c433-ba3f-4975-83fb-af9e95f849e3" : {
            "date" : "2020-07-25",
            "isNew" : true,
            "offerType" : "storeOffer"
         },
         "0bd11b37-f3b4-40a7-8da8-6e10b4292991" : {
            "date" : "2020-07-25",
            "isNew" : true,
            "offerType" : "storeOffer"
         },
         "1222e826-1a92-47f7-a34e-8f6f980a2390" : {
            "date" : "2020-07-25",
            "isNew" : true,
            "offerType" : "storeOffer"
         },
         "1274577b-fade-46f1-a9a0-5c9c71a91929" : {
            "date" : "2020-07-25",
            "isNew" : true,
            "offerType" : "storeOffer"
         },
         "12c5c196-aa71-4b96-ae79-6a0bff6a563b" : {
            "date" : "2020-07-25",
            "isNew" : true,
            "offerType" : "storeOffer"
         },
         "12c62610-54a5-4e34-a2c1-4995157da06c" : {
            "date" : "2020-07-25",
            "isNew" : true,
            "offerType" : "storeOffer"
         },
         "14701411-30d1-4e43-bf90-7a3ff576c478" : {
            "date" : "2020-07-25",
            "isNew" : true,
            "offerType" : "storeOffer"
         },
         "1843debc-0365-455d-ad13-580d8c027028" : {
            "date" : "2020-07-25",
            "isNew" : true,
            "offerType" : "storeOffer"
         },
         "19844370-6f9b-4b12-8899-9021938d606c" : {
            "date" : "2020-07-25",
            "isNew" : true,
            "offerType" : "storeOffer"
         },
         "1a499b14-39b3-477b-a1b9-216204b0e878" : {
            "date" : "2020-07-25",
            "isNew" : true,
            "offerType" : "storeOffer"
         },
         "1a660a94-401a-49c6-be65-3c593f7ef9aa" : {
            "date" : "2020-07-25",
            "isNew" : true,
            "offerType" : "storeOffer"
         },
         "1b93db05-8c5b-4d7f-bab1-2a6f4c188b6d" : {
            "date" : "2020-07-25",
            "isNew" : true,
            "offerType" : "storeOffer"
         },
         "1dba9aeb-ca5e-4e41-ac29-3c4aff87f4e5" : {
            "date" : "2020-07-25",
            "isNew" : true,
            "offerType" : "storeOffer"
         },
         "1f153581-1c4a-4818-9cad-045ef885d421" : {
            "date" : "2020-07-25",
            "isNew" : true,
            "offerType" : "storeOffer"
         },
         "1fbd20ae-753c-4694-9083-c15b59c00442" : {
            "date" : "2020-07-25",
            "isNew" : true,
            "offerType" : "storeOffer"
         },
         "20595ed5-e698-4c51-a8f3-1ef7dd8b8712" : {
            "date" : "2020-07-25",
            "isNew" : true,
            "offerType" : "storeOffer"
         },
         "215b41d4-cc4e-4bba-bcfe-afb5cebfa079" : {
            "date" : "2020-07-25",
            "isNew" : true,
            "offerType" : "storeOffer"
         },
         "21b545eb-cf69-418c-be7a-c7246fd70a3b" : {
            "date" : "2020-07-25",
            "isNew" : true,
            "offerType" : "storeOffer"
         },
         "22676d1b-efa6-4b78-be71-4416e30b7a97" : {
            "date" : "2020-07-25",
            "isNew" : true,
            "offerType" : "storeOffer"
         },
         "22e8d532-c3e6-443d-ac4f-f575bcdb6ae4" : {
            "date" : "2020-07-25",
            "isNew" : true,
            "offerType" : "storeOffer"
         },
         "2327b780-3c60-4186-bfb2-877ed554ea2c" : {
            "date" : "2020-07-25",
            "isNew" : true,
            "offerType" : "storeOffer"
         },
         "2384db70-d40a-48f9-ab92-925e440e4c2d" : {
            "date" : "2020-07-25",
            "isNew" : true,
            "offerType" : "storeOffer"
         },
         "24857fea-1933-462f-b9e6-a477e254ec94" : {
            "date" : "2020-07-25",
            "isNew" : true,
            "offerType" : "storeOffer"
         },
         "24c7cc2f-849c-48a1-b98c-7d20689a1bbc" : {
            "date" : "2020-07-25",
            "isNew" : true,
            "offerType" : "storeOffer"
         },
         "25036663-aa95-4e9c-ad47-7b61e00d9a6f" : {
            "date" : "2020-07-25",
            "isNew" : true,
            "offerType" : "storeOffer"
         },
         "25358051-5e87-4fe4-bbdf-a9d24d9d7c66" : {
            "date" : "2020-07-25",
            "isNew" : true,
            "offerType" : "storeOffer"
         },
         "25c19cd6-1abc-44a0-9f91-2fb146534e27" : {
            "date" : "2020-07-25",
            "isNew" : true,
            "offerType" : "storeOffer"
         },
         "298d52aa-07ae-40cd-b7fd-b45827d578ba" : {
            "date" : "2020-07-25",
            "isNew" : true,
            "offerType" : "storeOffer"
         },
         "29f606f8-3016-446f-b1c2-0e7951520cba" : {
            "date" : "2020-07-25",
            "isNew" : true,
            "offerType" : "storeOffer"
         },
         "2adbd928-d838-4f04-b02f-8d310d3c95ba" : {
            "date" : "2020-07-25",
            "isNew" : true,
            "offerType" : "storeOffer"
         },
         "2aec8826-0f1d-4703-8221-65865364d0f7" : {
            "date" : "2020-07-25",
            "isNew" : true,
            "offerType" : "storeOffer"
         },
         "2b9be090-f62b-4e09-93c1-4fb2ac0f35ef" : {
            "date" : "2020-07-25",
            "isNew" : true,
            "offerType" : "storeOffer"
         },
         "2cff6199-5b57-43f0-8ec7-7698abb07083" : {
            "date" : "2020-07-25",
            "isNew" : true,
            "offerType" : "storeOffer"
         },
         "32a6c358-c307-4db8-bf6c-20c76ea5e279" : {
            "date" : "2020-07-25",
            "isNew" : true,
            "offerType" : "storeOffer"
         },
         "33a6d3d0-fc73-4632-a5c3-91ede8b18ba9" : {
            "date" : "2020-07-25",
            "isNew" : true,
            "offerType" : "storeOffer"
         },
         "33e3fc9d-119d-46e2-a7c5-d74d48a52b52" : {
            "date" : "2020-07-25",
            "isNew" : true,
            "offerType" : "storeOffer"
         },
         "34cd28df-44b3-40b2-aa12-e4ef582fced1" : {
            "date" : "2020-07-25",
            "isNew" : true,
            "offerType" : "storeOffer"
         },
         "35b0eebd-8684-4170-8337-e6a891e14e7f" : {
            "date" : "2020-07-25",
            "isNew" : true,
            "offerType" : "storeOffer"
         },
         "377a0e88-1497-424e-a892-64bd73b1747d" : {
            "date" : "2020-07-25",
            "isNew" : true,
            "offerType" : "storeOffer"
         },
         "37df5695-0610-4681-b906-7764f76fa3ae" : {
            "date" : "2020-07-25",
            "isNew" : true,
            "offerType" : "storeOffer"
         },
         "389bc1f1-a322-480d-abe9-a2f09751a036" : {
            "date" : "2020-07-25",
            "isNew" : true,
            "offerType" : "storeOffer"
         },
         "3978260b-87dd-40ab-815d-3f8f02f53d7b" : {
            "date" : "2020-07-25",
            "isNew" : true,
            "offerType" : "storeOffer"
         },
         "3a33cb62-b3f0-46ec-ab18-f2d14e91abd2" : {
            "date" : "2020-07-25",
            "isNew" : true,
            "offerType" : "storeOffer"
         },
         "3af22159-6dbe-4cd9-90c5-97ae6d496c2f" : {
            "date" : "2020-07-25",
            "isNew" : true,
            "offerType" : "storeOffer"
         },
         "3afa3635-6995-4def-9a7b-a145abab5e58" : {
            "date" : "2020-07-25",
            "isNew" : true,
            "offerType" : "storeOffer"
         },
         "3b190232-43c1-45fd-986f-50fd980b6cc2" : {
            "date" : "2020-07-25",
            "isNew" : true,
            "offerType" : "storeOffer"
         },
         "3bab0c2d-6132-493b-8f1d-755e80a4daa2" : {
            "date" : "2020-07-25",
            "isNew" : true,
            "offerType" : "storeOffer"
         },
         "3ca7d1f4-8598-4ac4-9c56-6251e665f54a" : {
            "date" : "2020-07-25",
            "isNew" : true,
            "offerType" : "storeOffer"
         },
         "3d11da66-66f9-4146-9cca-08f57e21812e" : {
            "date" : "2020-07-25",
            "isNew" : true,
            "offerType" : "storeOffer"
         },
         "3d666a48-239c-4310-8240-63738a8612a5" : {
            "date" : "2020-07-25",
            "isNew" : true,
            "offerType" : "storeOffer"
         },
         "3dc8a5ce-a6a1-4ef4-a543-f74a347ad5a3" : {
            "date" : "2020-07-25",
            "isNew" : true,
            "offerType" : "storeOffer"
         },
         "3e7972b0-da90-4940-888f-b579164e7cb6" : {
            "date" : "2020-07-25",
            "isNew" : true,
            "offerType" : "storeOffer"
         },
         "3fd91fe3-6b92-4dae-b114-9e2440395e18" : {
            "date" : "2020-07-25",
            "isNew" : true,
            "offerType" : "storeOffer"
         },
         "413065bc-d7b1-41e3-8667-907095524d7c" : {
            "date" : "2020-07-25",
            "isNew" : true,
            "offerType" : "storeOffer"
         },
         "424c5b36-8248-4dbd-802e-fa052deae29c" : {
            "date" : "2020-07-25",
            "isNew" : true,
            "offerType" : "storeOffer"
         },
         "432524b5-9bc4-4a42-81ca-ad09ec6f6471" : {
            "date" : "2020-07-25",
            "isNew" : true,
            "offerType" : "storeOffer"
         },
         "43e098c7-9cbe-49d2-b769-6202721caa1d" : {
            "date" : "2020-07-25",
            "isNew" : true,
            "offerType" : "storeOffer"
         },
         "44079529-f4dd-4a46-a8f7-35169d8925bf" : {
            "date" : "2020-07-25",
            "isNew" : true,
            "offerType" : "storeOffer"
         },
         "45610c8a-2bd4-4690-9497-8b40de6f174d" : {
            "date" : "2020-07-25",
            "isNew" : true,
            "offerType" : "storeOffer"
         },
         "4614a70f-7c95-43c1-a6c4-0aa026cb116e" : {
            "date" : "2020-07-25",
            "isNew" : true,
            "offerType" : "storeOffer"
         },
         "4615e5a8-302e-4c4d-8334-5a0097988ea1" : {
            "date" : "2020-07-25",
            "isNew" : true,
            "offerType" : "storeOffer"
         },
         "467c224c-a352-4add-858c-a639a4c2f3ad" : {
            "date" : "2020-07-25",
            "isNew" : true,
            "offerType" : "storeOffer"
         },
         "46dc1cab-26e6-4fbe-8cd9-006895736d17" : {
            "date" : "2020-07-25",
            "isNew" : true,
            "offerType" : "storeOffer"
         },
         "47321664-5813-4584-b243-312a09f61644" : {
            "date" : "2020-07-25",
            "isNew" : true,
            "offerType" : "storeOffer"
         },
         "49700f00-dfd5-4af4-838f-684772a52a5e" : {
            "date" : "2020-07-25",
            "isNew" : true,
            "offerType" : "storeOffer"
         },
         "4ca95db7-764a-47c0-8595-dc3b2e8fa94f" : {
            "date" : "2020-07-25",
            "isNew" : true,
            "offerType" : "storeOffer"
         },
         "4d875c31-205c-4cb0-b63a-a32aa91a80da" : {
            "date" : "2020-07-25",
            "isNew" : true,
            "offerType" : "storeOffer"
         },
         "4df09edc-ea12-4e70-a5ef-25e0f9b59d07" : {
            "date" : "2020-07-25",
            "isNew" : true,
            "offerType" : "storeOffer"
         },
         "4ea166b9-1733-4704-af41-b07bcff4e67d" : {
            "date" : "2020-07-25",
            "isNew" : true,
            "offerType" : "storeOffer"
         },
         "4f10eff0-e3d8-41ab-85d2-1bc5d5ef83ab" : {
            "date" : "2020-07-25",
            "isNew" : true,
            "offerType" : "storeOffer"
         },
         "513855e6-d3b7-47a8-8d51-643e49886b0b" : {
            "date" : "2020-07-25",
            "isNew" : true,
            "offerType" : "storeOffer"
         },
         "51a9c5ce-8f16-42e6-b90f-d1ebee800fc7" : {
            "date" : "2020-07-25",
            "isNew" : true,
            "offerType" : "storeOffer"
         },
         "523ae397-b0fb-4bb2-9ad8-967c8b5df092" : {
            "date" : "2020-07-25",
            "isNew" : true,
            "offerType" : "storeOffer"
         },
         "53b070a0-ce9c-4b75-8962-dec92536470c" : {
            "date" : "2020-07-25",
            "isNew" : true,
            "offerType" : "storeOffer"
         },
         "554056f3-a4dc-4a7f-9c30-40d433ff9ce3" : {
            "date" : "2020-07-25",
            "isNew" : true,
            "offerType" : "storeOffer"
         },
         "55d16b35-720c-49d8-85ce-988fa3df9ab6" : {
            "date" : "2020-07-25",
            "isNew" : true,
            "offerType" : "storeOffer"
         },
         "58517730-c460-4511-938c-da599cb21ac7" : {
            "date" : "2020-07-25",
            "isNew" : true,
            "offerType" : "storeOffer"
         },
         "588a6261-1aa5-48d6-80d8-5cfef694602a" : {
            "date" : "2020-07-25",
            "isNew" : true,
            "offerType" : "storeOffer"
         },
         "58ce07ab-05eb-4d52-af7d-40bd56010cf4" : {
            "date" : "2020-07-25",
            "isNew" : true,
            "offerType" : "storeOffer"
         },
         "58fa15e9-987d-4acc-a7f4-4a2b56679dda" : {
            "date" : "2020-07-25",
            "isNew" : true,
            "offerType" : "storeOffer"
         },
         "5973a071-d22a-4a90-833f-a83ebda1eeac" : {
            "date" : "2020-07-25",
            "isNew" : true,
            "offerType" : "storeOffer"
         },
         "597b4ec8-bb8a-4d27-91fc-ada7ed4263e5" : {
            "date" : "2020-07-25",
            "isNew" : true,
            "offerType" : "storeOffer"
         },
         "5a55abf5-ce14-4238-b52f-40920e7e8ada" : {
            "date" : "2020-07-25",
            "isNew" : true,
            "offerType" : "storeOffer"
         },
         "5ab8a580-ebf0-4cc6-b3cb-801d31c9f424" : {
            "date" : "2020-07-25",
            "isNew" : true,
            "offerType" : "storeOffer"
         },
         "5ad755ff-be5a-495a-9738-94e0c000e00f" : {
            "date" : "2020-07-25",
            "isNew" : true,
            "offerType" : "storeOffer"
         },
         "5b3f61d6-1f14-4ed0-b285-478c08ad1bea" : {
            "date" : "2020-07-25",
            "isNew" : true,
            "offerType" : "storeOffer"
         },
         "5b704c8b-806b-43d5-9f48-68546659b180" : {
            "date" : "2020-07-25",
            "isNew" : true,
            "offerType" : "storeOffer"
         },
         "5ba08904-8c0a-4d1c-ad35-31d9795faa19" : {
            "date" : "2020-07-25",
            "isNew" : true,
            "offerType" : "storeOffer"
         },
         "5c4e480c-62c9-4a0c-b1e7-2f3b788b8b1d" : {
            "date" : "2020-07-25",
            "isNew" : true,
            "offerType" : "storeOffer"
         },
         "5c779a6d-a737-4174-aff6-fe8d6acd2bf8" : {
            "date" : "2020-07-25",
            "isNew" : true,
            "offerType" : "storeOffer"
         },
         "5cffbc47-96b9-470c-a146-6d411577a366" : {
            "date" : "2020-07-25",
            "isNew" : true,
            "offerType" : "storeOffer"
         },
         "5dfebea3-c285-41d6-8043-720ed36cdf71" : {
            "date" : "2020-07-25",
            "isNew" : true,
            "offerType" : "storeOffer"
         },
         "5f30940a-c11d-4433-8fca-eecc7652d94e" : {
            "date" : "2020-07-25",
            "isNew" : true,
            "offerType" : "storeOffer"
         },
         "5ff6c27a-6fb5-4530-971d-20d468453b83" : {
            "date" : "2020-07-25",
            "isNew" : true,
            "offerType" : "storeOffer"
         },
         "60eeea6e-1aba-4ee4-84ff-829a33a2d452" : {
            "date" : "2020-07-25",
            "isNew" : true,
            "offerType" : "storeOffer"
         },
         "60fcbbee-118e-4419-ad6f-23bb4dc919a7" : {
            "date" : "2020-07-25",
            "isNew" : true,
            "offerType" : "storeOffer"
         },
         "61a55427-2cb7-4b2d-acfa-30560dc52259" : {
            "date" : "2020-07-25",
            "isNew" : true,
            "offerType" : "storeOffer"
         },
         "61dac7af-9691-4f2d-b775-8846afc9e8f9" : {
            "date" : "2020-07-25",
            "isNew" : true,
            "offerType" : "storeOffer"
         },
         "62e4e52a-2b74-4d4a-b306-58c72796a7ef" : {
            "date" : "2020-07-25",
            "isNew" : true,
            "offerType" : "storeOffer"
         },
         "631d086a-b586-45c7-af91-73687edce133" : {
            "date" : "2020-07-25",
            "isNew" : true,
            "offerType" : "storeOffer"
         },
         "638e7d2e-5d4e-4dde-a979-f342b91cb4da" : {
            "date" : "2020-07-25",
            "isNew" : true,
            "offerType" : "storeOffer"
         },
         "63fa0557-0e57-49a9-a9cd-4ebf63862bc2" : {
            "date" : "2020-07-25",
            "isNew" : true,
            "offerType" : "storeOffer"
         },
         "65fbe671-ab8b-407b-a1ce-5191c67b91ef" : {
            "date" : "2020-07-25",
            "isNew" : true,
            "offerType" : "storeOffer"
         },
         "665a6242-1e98-4dc7-9482-c050531b6bd5" : {
            "date" : "2020-07-25",
            "isNew" : true,
            "offerType" : "storeOffer"
         },
         "667b64b9-f7d7-40d9-9300-5124df9063dc" : {
            "date" : "2020-07-25",
            "isNew" : true,
            "offerType" : "storeOffer"
         },
         "683353cb-306a-4e50-bc5e-bfbe0c3a1034" : {
            "date" : "2020-07-25",
            "isNew" : true,
            "offerType" : "storeOffer"
         },
         "685d88f7-e039-4c55-91e5-4caefd24f8f8" : {
            "date" : "2020-07-25",
            "isNew" : true,
            "offerType" : "storeOffer"
         },
         "69b56927-b1e7-4ff2-b6b4-d83ec6dd0d74" : {
            "date" : "2020-07-25",
            "isNew" : true,
            "offerType" : "storeOffer"
         },
         "69ee89c5-b95e-4f55-b1a4-ec8b2d6b8b5f" : {
            "date" : "2020-07-25",
            "isNew" : true,
            "offerType" : "storeOffer"
         },
         "69f99db8-cf71-4b12-b4b6-b0ac08d523fd" : {
            "date" : "2020-07-25",
            "isNew" : true,
            "offerType" : "storeOffer"
         },
         "6a18847d-f00a-455d-8870-02a5f96fe6d9" : {
            "date" : "2020-07-25",
            "isNew" : true,
            "offerType" : "storeOffer"
         },
         "6a42aeac-8878-497b-a183-7d1e708a1d93" : {
            "date" : "2020-07-25",
            "isNew" : true,
            "offerType" : "storeOffer"
         },
         "6a77ec04-b072-4aab-b925-e54974121584" : {
            "date" : "2020-07-25",
            "isNew" : true,
            "offerType" : "storeOffer"
         },
         "6d48ba3e-ab99-43cd-b46f-8688b43796a2" : {
            "date" : "2020-07-25",
            "isNew" : true,
            "offerType" : "storeOffer"
         },
         "6dbe1c0e-96c1-40fe-9c6e-361bbd3c8b5c" : {
            "date" : "2020-07-25",
            "isNew" : true,
            "offerType" : "storeOffer"
         },
         "6de2146c-a9a0-461a-a051-70697a4a6047" : {
            "date" : "2020-07-25",
            "isNew" : true,
            "offerType" : "storeOffer"
         },
         "6e88f31d-33f0-43bd-b606-6caabf27f866" : {
            "date" : "2020-07-25",
            "isNew" : true,
            "offerType" : "storeOffer"
         },
         "716106fb-abce-4422-af0e-06b53dfbd495" : {
            "date" : "2020-07-25",
            "isNew" : true,
            "offerType" : "storeOffer"
         },
         "719e5c6b-a18b-4c18-8823-64c0c1cc8f47" : {
            "date" : "2020-07-25",
            "isNew" : true,
            "offerType" : "storeOffer"
         },
         "71af3a76-0267-4873-a490-49fd5ff4a9e1" : {
            "date" : "2020-07-25",
            "isNew" : true,
            "offerType" : "storeOffer"
         },
         "72e1622d-c7d0-4f03-984b-9f8665adae5b" : {
            "date" : "2020-07-25",
            "isNew" : true,
            "offerType" : "storeOffer"
         },
         "739fc49e-2336-4d7f-9c16-b41caabb9284" : {
            "date" : "2020-07-25",
            "isNew" : true,
            "offerType" : "storeOffer"
         },
         "73ae96f7-1796-4861-822a-e9c67f98f180" : {
            "date" : "2020-07-25",
            "isNew" : true,
            "offerType" : "storeOffer"
         },
         "7405c2d7-12af-4384-8ecd-6cab338adcb5" : {
            "date" : "2020-07-25",
            "isNew" : true,
            "offerType" : "storeOffer"
         },
         "7418c7de-1021-425a-8da3-a7a28c51013e" : {
            "date" : "2020-07-25",
            "isNew" : true,
            "offerType" : "storeOffer"
         },
         "750241dc-2ca1-460a-9cfb-8c99d5e9e50b" : {
            "date" : "2020-07-25",
            "isNew" : true,
            "offerType" : "storeOffer"
         },
         "752ecf7d-309a-4192-af78-921e299e813e" : {
            "date" : "2020-07-25",
            "isNew" : true,
            "offerType" : "storeOffer"
         },
         "75e6c7bd-5d70-4eb1-b083-fcdb186e7324" : {
            "date" : "2020-07-25",
            "isNew" : true,
            "offerType" : "storeOffer"
         },
         "765cc749-5a27-4c2c-b317-34c5f171d442" : {
            "date" : "2020-07-25",
            "isNew" : true,
            "offerType" : "storeOffer"
         },
         "772066cf-6b73-4361-a1e6-f7462f6f4296" : {
            "date" : "2020-07-25",
            "isNew" : true,
            "offerType" : "storeOffer"
         },
         "783ba11a-16ed-4cb5-863d-e9408901e247" : {
            "date" : "2020-07-25",
            "isNew" : true,
            "offerType" : "storeOffer"
         },
         "7a02ad83-8376-42fb-9f04-23fd62db4478" : {
            "date" : "2020-07-25",
            "isNew" : true,
            "offerType" : "storeOffer"
         },
         "7afab22c-b4f0-4246-a107-88b9bf7ccdc4" : {
            "date" : "2020-07-25",
            "isNew" : true,
            "offerType" : "storeOffer"
         },
         "7b3c8532-c50c-4f8f-8f22-6cb5477970fc" : {
            "date" : "2020-07-25",
            "isNew" : true,
            "offerType" : "storeOffer"
         },
         "7c925f85-a35a-40ae-983b-78c9c8d9607b" : {
            "date" : "2020-07-25",
            "isNew" : true,
            "offerType" : "storeOffer"
         },
         "7d0aabd6-29ac-4c29-8cb4-08521d54dc30" : {
            "date" : "2020-07-25",
            "isNew" : true,
            "offerType" : "storeOffer"
         },
         "7d68b05d-c3e8-42ff-abce-5cc67cfe67ae" : {
            "date" : "2020-07-25",
            "isNew" : true,
            "offerType" : "storeOffer"
         },
         "7dec5ee8-9226-4d02-9bd0-0d1a56481027" : {
            "date" : "2020-07-25",
            "isNew" : true,
            "offerType" : "storeOffer"
         },
         "7e15cf7f-b809-44a0-bc88-4ca99a307e87" : {
            "date" : "2020-07-25",
            "isNew" : true,
            "offerType" : "storeOffer"
         },
         "7e8b1d62-a7f2-4ae4-bbaf-984581fa3eba" : {
            "date" : "2020-07-25",
            "isNew" : true,
            "offerType" : "storeOffer"
         },
         "7f42a181-036d-40af-babe-aa538adcad3f" : {
            "date" : "2020-07-25",
            "isNew" : true,
            "offerType" : "storeOffer"
         },
         "7f631807-b346-43eb-8012-f32d4b1ba3db" : {
            "date" : "2020-07-25",
            "isNew" : true,
            "offerType" : "storeOffer"
         },
         "80a26121-ba0b-49a4-9c9b-652e5ea36da3" : {
            "date" : "2020-07-25",
            "isNew" : true,
            "offerType" : "storeOffer"
         },
         "8176469b-2608-47cd-9a16-04deed83fa24" : {
            "date" : "2020-07-25",
            "isNew" : true,
            "offerType" : "storeOffer"
         },
         "82230093-1fb6-473d-8801-f5c8fc039442" : {
            "date" : "2020-07-25",
            "isNew" : true,
            "offerType" : "storeOffer"
         },
         "82a68a62-c075-42f9-8d5d-c49514bc7b36" : {
            "date" : "2020-07-25",
            "isNew" : true,
            "offerType" : "storeOffer"
         },
         "82f9d004-f9ae-4bb0-b4d9-99ae04bc51b8" : {
            "date" : "2020-07-25",
            "isNew" : true,
            "offerType" : "storeOffer"
         },
         "837eb33c-e46b-4ed3-a953-a5787ff89d9f" : {
            "date" : "2020-07-25",
            "isNew" : true,
            "offerType" : "storeOffer"
         },
         "83d83910-57f0-4a36-a6d5-219e8294e405" : {
            "date" : "2020-07-25",
            "isNew" : true,
            "offerType" : "storeOffer"
         },
         "844f03e9-e17c-430c-8d41-f8caebad256b" : {
            "date" : "2020-07-25",
            "isNew" : true,
            "offerType" : "storeOffer"
         },
         "84b74820-4a6b-41bd-80e7-68ade8aeb95f" : {
            "date" : "2020-07-25",
            "isNew" : true,
            "offerType" : "storeOffer"
         },
         "84f6c35f-6a92-4650-a75b-4895f5d13af6" : {
            "date" : "2020-07-25",
            "isNew" : true,
            "offerType" : "storeOffer"
         },
         "850283c6-5dc0-4119-aadf-bbd1889068d3" : {
            "date" : "2020-07-25",
            "isNew" : true,
            "offerType" : "storeOffer"
         },
         "85837d97-3820-4603-b1de-b45a57e17459" : {
            "date" : "2020-07-25",
            "isNew" : true,
            "offerType" : "storeOffer"
         },
         "85e7e523-d614-41e9-bc77-fd9e67687a98" : {
            "date" : "2020-07-25",
            "isNew" : true,
            "offerType" : "storeOffer"
         },
         "86312e7a-39ca-4140-b575-dc69c1abfc18" : {
            "date" : "2020-07-25",
            "isNew" : true,
            "offerType" : "storeOffer"
         },
         "86717661-d532-477f-8962-508015de2905" : {
            "date" : "2020-07-25",
            "isNew" : true,
            "offerType" : "storeOffer"
         },
         "87372c98-16f4-4fda-b88c-a03a0a6346fd" : {
            "date" : "2020-07-25",
            "isNew" : true,
            "offerType" : "storeOffer"
         },
         "8881408e-ad84-4014-a9e3-bd69d21da1b0" : {
            "date" : "2020-07-25",
            "isNew" : true,
            "offerType" : "storeOffer"
         },
         "89c16ed0-d38c-4553-8eda-536ac3d69cba" : {
            "date" : "2020-07-25",
            "isNew" : true,
            "offerType" : "storeOffer"
         },
         "8b196f71-7100-4dd6-b3fd-b8119789eece" : {
            "date" : "2020-07-25",
            "isNew" : true,
            "offerType" : "storeOffer"
         },
         "8b4a6e24-19f3-4e5e-9c25-7e929d451e35" : {
            "date" : "2020-07-25",
            "isNew" : true,
            "offerType" : "storeOffer"
         },
         "8ccd6cfb-a2e0-40a7-8eb1-a9f3a92601da" : {
            "date" : "2020-07-25",
            "isNew" : true,
            "offerType" : "storeOffer"
         },
         "8da6ff45-af0e-415c-8ec3-5256a1b1c30c" : {
            "date" : "2020-07-25",
            "isNew" : true,
            "offerType" : "storeOffer"
         },
         "8eaa06ac-9e12-4b59-ac66-a79584790a7e" : {
            "date" : "2020-07-25",
            "isNew" : true,
            "offerType" : "storeOffer"
         },
         "8f66da13-a950-4683-a097-1979f1c46177" : {
            "date" : "2020-07-25",
            "isNew" : true,
            "offerType" : "storeOffer"
         },
         "8f90a2ef-8a9f-4da0-ad9b-80a57f2c151c" : {
            "date" : "2020-07-25",
            "isNew" : true,
            "offerType" : "storeOffer"
         },
         "91786638-3a92-47c3-bade-407749ae952a" : {
            "date" : "2020-07-25",
            "isNew" : true,
            "offerType" : "storeOffer"
         },
         "918fd851-5282-4f35-be49-42a98d6bd091" : {
            "date" : "2020-07-25",
            "isNew" : true,
            "offerType" : "storeOffer"
         },
         "921ea1ec-fbd9-4233-910c-01478bff0550" : {
            "date" : "2020-07-25",
            "isNew" : true,
            "offerType" : "storeOffer"
         },
         "92b35a33-76ad-4d74-a001-54d540816906" : {
            "date" : "2020-07-25",
            "isNew" : true,
            "offerType" : "storeOffer"
         },
         "93783326-9449-4052-bfcb-b7a22f69ebeb" : {
            "date" : "2020-07-25",
            "isNew" : true,
            "offerType" : "storeOffer"
         },
         "93f309a2-35b5-4c8d-a6d8-ddfe1b933354" : {
            "date" : "2020-07-25",
            "isNew" : true,
            "offerType" : "storeOffer"
         },
         "9484af7e-3325-462b-a872-35d21c131e1c" : {
            "date" : "2020-07-25",
            "isNew" : true,
            "offerType" : "storeOffer"
         },
         "95039f57-2d1d-4086-af07-86d23115ddb5" : {
            "date" : "2020-07-25",
            "isNew" : true,
            "offerType" : "storeOffer"
         },
         "95b7124a-836f-453e-bb19-959d53b261af" : {
            "date" : "2020-07-25",
            "isNew" : true,
            "offerType" : "storeOffer"
         },
         "962bd021-5138-454f-9398-a261f7abd85e" : {
            "date" : "2020-07-25",
            "isNew" : true,
            "offerType" : "storeOffer"
         },
         "96988656-f2d6-4146-a6ba-9b49671f39ea" : {
            "date" : "2020-07-25",
            "isNew" : true,
            "offerType" : "storeOffer"
         },
         "97ab07bd-23ee-4ef8-b957-af5263e063b4" : {
            "date" : "2020-07-25",
            "isNew" : true,
            "offerType" : "storeOffer"
         },
         "98060c9e-b987-41d9-b1af-cb132eb4b4d9" : {
            "date" : "2020-07-25",
            "isNew" : true,
            "offerType" : "storeOffer"
         },
         "986d8fc7-2db2-426a-ac8d-591e13f6afef" : {
            "date" : "2020-07-25",
            "isNew" : true,
            "offerType" : "storeOffer"
         },
         "988d3c95-15ae-4cea-b2a7-ca7613b34882" : {
            "date" : "2020-07-25",
            "isNew" : true,
            "offerType" : "storeOffer"
         },
         "98ce2529-23fe-43cc-88b3-5837d6d14d52" : {
            "date" : "2020-07-25",
            "isNew" : true,
            "offerType" : "storeOffer"
         },
         "9e34ad80-551d-4085-9e47-7766e4645735" : {
            "date" : "2020-07-25",
            "isNew" : true,
            "offerType" : "storeOffer"
         },
         "9e4b6c6a-f9d7-453f-af6c-8a5b874096ad" : {
            "date" : "2020-07-25",
            "isNew" : true,
            "offerType" : "storeOffer"
         },
         "9eafab0f-e8dc-4f7b-8eac-8ba0ac0e9c58" : {
            "date" : "2020-07-25",
            "isNew" : true,
            "offerType" : "storeOffer"
         },
         "9f53affe-ccbe-4d20-96fe-006157cae4d2" : {
            "date" : "2020-07-25",
            "isNew" : true,
            "offerType" : "storeOffer"
         },
         "9f85b894-7e8c-44a3-8a8c-a7746316fa2d" : {
            "date" : "2020-07-25",
            "isNew" : true,
            "offerType" : "storeOffer"
         },
         "9f996391-3611-43d1-985b-767ebf058062" : {
            "date" : "2020-07-25",
            "isNew" : true,
            "offerType" : "storeOffer"
         },
         "a071184e-c83c-4e09-a905-95fcfaacffce" : {
            "date" : "2020-07-25",
            "isNew" : true,
            "offerType" : "storeOffer"
         },
         "a17ed164-50d8-4152-9937-8b825eafaa4f" : {
            "date" : "2020-07-25",
            "isNew" : true,
            "offerType" : "storeOffer"
         },
         "a4c5e929-0ab6-439c-ba41-90be7e138370" : {
            "date" : "2020-07-25",
            "isNew" : true,
            "offerType" : "storeOffer"
         },
         "a4de9156-b6b3-460b-812c-65dde76d7912" : {
            "date" : "2020-07-25",
            "isNew" : true,
            "offerType" : "storeOffer"
         },
         "a542fd27-6a45-41f6-b9ba-2707f89516ca" : {
            "date" : "2020-07-25",
            "isNew" : true,
            "offerType" : "storeOffer"
         },
         "a761b7bf-af0b-483b-8d0f-b8c41cd5b7bc" : {
            "date" : "2020-07-25",
            "isNew" : true,
            "offerType" : "storeOffer"
         },
         "a95ec597-d118-44ee-9561-cb6cd9fde3c9" : {
            "date" : "2020-07-25",
            "isNew" : true,
            "offerType" : "storeOffer"
         },
         "abb4c89d-d51c-4200-9dd9-8ce4eb9ff4eb" : {
            "date" : "2020-07-25",
            "isNew" : true,
            "offerType" : "storeOffer"
         },
         "ade5fd94-a2e4-44aa-97ba-ab61d2cf62d4" : {
            "date" : "2020-07-25",
            "isNew" : true,
            "offerType" : "storeOffer"
         },
         "af8c7ad3-94c1-4608-ae3f-bea47feef339" : {
            "date" : "2020-07-25",
            "isNew" : true,
            "offerType" : "storeOffer"
         },
         "b02904c4-ecc2-45e9-a6f0-e2840f0d255e" : {
            "date" : "2020-07-25",
            "isNew" : true,
            "offerType" : "storeOffer"
         },
         "b0b77fa9-af92-4739-b702-1996b4bb4e0a" : {
            "date" : "2020-07-25",
            "isNew" : true,
            "offerType" : "storeOffer"
         },
         "b0bfa0ad-9132-42d3-8294-b1d7e0c30c4d" : {
            "date" : "2020-07-25",
            "isNew" : true,
            "offerType" : "storeOffer"
         },
         "b0c74681-2167-4c18-ae4a-775132290056" : {
            "date" : "2020-07-25",
            "isNew" : true,
            "offerType" : "storeOffer"
         },
         "b1e3d56a-b936-43ec-9798-b6531899a49d" : {
            "date" : "2020-07-25",
            "isNew" : true,
            "offerType" : "storeOffer"
         },
         "b25e9e93-e292-44fe-bf5f-4853b1b0b66c" : {
            "date" : "2020-07-25",
            "isNew" : true,
            "offerType" : "storeOffer"
         },
         "b33574d6-2ff7-45b7-aeb1-6659c084f15e" : {
            "date" : "2020-07-25",
            "isNew" : true,
            "offerType" : "storeOffer"
         },
         "b34025c9-716a-452d-a2a4-0b0fde7dcd59" : {
            "date" : "2020-07-25",
            "isNew" : true,
            "offerType" : "storeOffer"
         },
         "b34609c1-3f6c-4509-ada7-9a9f6a42b246" : {
            "date" : "2020-07-25",
            "isNew" : true,
            "offerType" : "storeOffer"
         },
         "b4865693-e70b-46cc-a443-8eac9595cf0f" : {
            "date" : "2020-07-25",
            "isNew" : true,
            "offerType" : "storeOffer"
         },
         "b5fc9410-1d5d-4adc-be1a-d559052912c1" : {
            "date" : "2020-07-25",
            "isNew" : true,
            "offerType" : "storeOffer"
         },
         "b65770ea-6d4a-41c7-aa69-58007fbd1844" : {
            "date" : "2020-07-25",
            "isNew" : true,
            "offerType" : "storeOffer"
         },
         "b6ad3970-a717-422b-8edb-329bece56140" : {
            "date" : "2020-07-25",
            "isNew" : true,
            "offerType" : "storeOffer"
         },
         "baec82dd-2d32-426b-9dff-bf16a5bc2874" : {
            "date" : "2020-07-25",
            "isNew" : true,
            "offerType" : "storeOffer"
         },
         "bb4b53b5-4869-447b-8819-b1628d2c1aee" : {
            "date" : "2020-07-25",
            "isNew" : true,
            "offerType" : "storeOffer"
         },
         "bb5c63ee-b431-42c5-ab20-84d0fb608ce2" : {
            "date" : "2020-07-25",
            "isNew" : true,
            "offerType" : "storeOffer"
         },
         "bd430074-1852-45f1-a434-d899cbaa06e3" : {
            "date" : "2020-07-25",
            "isNew" : true,
            "offerType" : "storeOffer"
         },
         "bd4e19e2-20d0-476b-adf7-5a11f7acfbf7" : {
            "date" : "2020-07-25",
            "isNew" : true,
            "offerType" : "storeOffer"
         },
         "be799624-73d5-426f-9764-66c73a3ffc54" : {
            "date" : "2020-07-25",
            "isNew" : true,
            "offerType" : "storeOffer"
         },
         "c0751760-a58c-4e46-bb70-dbe690c2b82d" : {
            "date" : "2020-07-25",
            "isNew" : true,
            "offerType" : "storeOffer"
         },
         "c1ffc044-940e-4773-bec0-5713de6ffe4c" : {
            "date" : "2020-07-25",
            "isNew" : true,
            "offerType" : "storeOffer"
         },
         "c40957f2-3880-4203-81c7-2b910140826b" : {
            "date" : "2020-07-25",
            "isNew" : true,
            "offerType" : "storeOffer"
         },
         "c52aabc4-d2d4-40e2-9622-fb326a349602" : {
            "date" : "2020-07-25",
            "isNew" : true,
            "offerType" : "storeOffer"
         },
         "c590cb63-3f02-42b9-93e1-04f7b46f6d2e" : {
            "date" : "2020-07-25",
            "isNew" : true,
            "offerType" : "storeOffer"
         },
         "c742fa0c-11c9-4000-8dc3-e2bfab42fe45" : {
            "date" : "2020-07-25",
            "isNew" : true,
            "offerType" : "storeOffer"
         },
         "c92d000d-8176-4255-8a4b-694efdea52e8" : {
            "date" : "2020-07-25",
            "isNew" : true,
            "offerType" : "storeOffer"
         },
         "ca94203a-fb82-4bef-a88c-8fe508c51266" : {
            "date" : "2020-07-25",
            "isNew" : true,
            "offerType" : "storeOffer"
         },
         "cc474f37-8db1-4ec8-9482-b49610c5df99" : {
            "date" : "2020-07-25",
            "isNew" : true,
            "offerType" : "storeOffer"
         },
         "cc79e3cd-4a95-4354-bbfc-4cf25fe39f74" : {
            "date" : "2020-07-25",
            "isNew" : true,
            "offerType" : "storeOffer"
         },
         "cd472aab-a83d-4f47-ba9a-a8d8e45fc002" : {
            "date" : "2020-07-25",
            "isNew" : true,
            "offerType" : "storeOffer"
         },
         "cdee31d4-2c68-48ea-9903-511644758d7d" : {
            "date" : "2020-07-25",
            "isNew" : true,
            "offerType" : "storeOffer"
         },
         "ceb3f26f-1151-40c2-808c-f3631b1c79bb" : {
            "date" : "2020-07-25",
            "isNew" : true,
            "offerType" : "storeOffer"
         },
         "ceb8b965-002b-4ea9-9fec-5c57ad926456" : {
            "date" : "2020-07-25",
            "isNew" : true,
            "offerType" : "storeOffer"
         },
         "d0261e1f-3942-4ba1-a2f8-d3ca4032ce36" : {
            "date" : "2020-07-25",
            "isNew" : true,
            "offerType" : "storeOffer"
         },
         "d15d208b-edad-4ea9-ac1e-ef70390be5aa" : {
            "date" : "2020-07-25",
            "isNew" : true,
            "offerType" : "storeOffer"
         },
         "d374665e-31c4-4d59-b43e-936cb32770d6" : {
            "date" : "2020-07-25",
            "isNew" : true,
            "offerType" : "storeOffer"
         },
         "d3a3afcf-6787-422d-9faa-cf01320d13e8" : {
            "date" : "2020-07-25",
            "isNew" : true,
            "offerType" : "storeOffer"
         },
         "d442d59d-eee2-4222-97cb-cfdb426be237" : {
            "date" : "2020-07-25",
            "isNew" : true,
            "offerType" : "storeOffer"
         },
         "d45bbf4f-6213-47ab-889c-19289a04a0f8" : {
            "date" : "2020-07-25",
            "isNew" : true,
            "offerType" : "storeOffer"
         },
         "d66b1331-e795-42aa-a729-29aecb99b47f" : {
            "date" : "2020-07-25",
            "isNew" : true,
            "offerType" : "storeOffer"
         },
         "d6a00dcb-4b31-4a2a-9ea7-1052e76f6b48" : {
            "date" : "2020-07-25",
            "isNew" : true,
            "offerType" : "storeOffer"
         },
         "d7078d96-3f41-496c-ae5e-ba1150a2907b" : {
            "date" : "2020-07-25",
            "isNew" : true,
            "offerType" : "storeOffer"
         },
         "d72e1bdc-5c43-452c-892e-2111915507dc" : {
            "date" : "2020-07-25",
            "isNew" : true,
            "offerType" : "storeOffer"
         },
         "d74a0895-2a7f-4e11-9602-f9a48e04195b" : {
            "date" : "2020-07-25",
            "isNew" : true,
            "offerType" : "storeOffer"
         },
         "d7cc02f9-84d8-4fc3-83c3-3bc0b6d50162" : {
            "date" : "2020-07-25",
            "isNew" : true,
            "offerType" : "storeOffer"
         },
         "d89fe31b-547a-4faf-8797-39a9d1068c0a" : {
            "date" : "2020-07-25",
            "isNew" : true,
            "offerType" : "storeOffer"
         },
         "d91e9ba8-d920-471b-bb56-c1e0cd9d8284" : {
            "date" : "2020-07-25",
            "isNew" : true,
            "offerType" : "storeOffer"
         },
         "dc10ed73-e742-4908-bf6f-e04d3e6bdbd5" : {
            "date" : "2020-07-25",
            "isNew" : true,
            "offerType" : "storeOffer"
         },
         "dc742248-7d0c-4364-a571-584b8ee4b724" : {
            "date" : "2020-07-25",
            "isNew" : true,
            "offerType" : "storeOffer"
         },
         "dcd9434d-d340-43af-97f6-2c38f88f6f42" : {
            "date" : "2020-07-25",
            "isNew" : true,
            "offerType" : "storeOffer"
         },
         "de6ad40e-3c8b-4861-bd23-3bce6a9a15ce" : {
            "date" : "2020-07-25",
            "isNew" : true,
            "offerType" : "storeOffer"
         },
         "dea9c915-7d34-46e6-9122-0c97bc94b6d7" : {
            "date" : "2020-07-25",
            "isNew" : true,
            "offerType" : "storeOffer"
         },
         "df596765-8634-4d36-b59b-0f84134c2e0f" : {
            "date" : "2020-07-25",
            "isNew" : true,
            "offerType" : "storeOffer"
         },
         "dfcfb5b2-730f-4b7c-b11b-1cfae557f710" : {
            "date" : "2020-07-25",
            "isNew" : true,
            "offerType" : "storeOffer"
         },
         "e056c0ae-d575-4f0b-ac43-612dd9a2bcd2" : {
            "date" : "2020-07-25",
            "isNew" : true,
            "offerType" : "storeOffer"
         },
         "e07fdb93-c8a7-4661-99c1-5e886e77b05d" : {
            "date" : "2020-07-25",
            "isNew" : true,
            "offerType" : "storeOffer"
         },
         "e0aaabbf-2e98-475f-bcd4-96380d84687f" : {
            "date" : "2020-07-25",
            "isNew" : true,
            "offerType" : "storeOffer"
         },
         "e12140f9-408f-44f8-95b0-1c4554129006" : {
            "date" : "2020-07-25",
            "isNew" : true,
            "offerType" : "storeOffer"
         },
         "e21352b1-5e94-4453-8ce7-9e842ec8d42d" : {
            "date" : "2020-07-25",
            "isNew" : true,
            "offerType" : "storeOffer"
         },
         "e3c40c31-89a8-4c05-8b10-6183729b07c5" : {
            "date" : "2020-07-25",
            "isNew" : true,
            "offerType" : "storeOffer"
         },
         "e4557823-7519-409c-aa6e-292bb4f31adb" : {
            "date" : "2020-07-25",
            "isNew" : true,
            "offerType" : "storeOffer"
         },
         "e538a5c0-19d0-495e-b72b-dfe0712ff808" : {
            "date" : "2020-07-25",
            "isNew" : true,
            "offerType" : "storeOffer"
         },
         "e7e76294-d593-4b12-8174-ad1c4906a1db" : {
            "date" : "2020-07-25",
            "isNew" : true,
            "offerType" : "storeOffer"
         },
         "e8edce65-da94-4eaa-a76e-779d5f1e365c" : {
            "date" : "2020-07-25",
            "isNew" : true,
            "offerType" : "storeOffer"
         },
         "e9a7d34f-97b0-4c3e-a30d-2b9b855278a5" : {
            "date" : "2020-07-25",
            "isNew" : true,
            "offerType" : "storeOffer"
         },
         "e9fa13b5-5918-4b51-bea1-93ee0a3d804f" : {
            "date" : "2020-07-25",
            "isNew" : true,
            "offerType" : "storeOffer"
         },
         "eac26a51-1773-40a5-a695-e9829344ad49" : {
            "date" : "2020-07-25",
            "isNew" : true,
            "offerType" : "storeOffer"
         },
         "ebc66a3b-8b96-4416-9b2f-66bbcad7ebee" : {
            "date" : "2020-07-25",
            "isNew" : true,
            "offerType" : "storeOffer"
         },
         "ebfe483a-2306-4e60-bc55-b89e857a82e7" : {
            "date" : "2020-07-25",
            "isNew" : true,
            "offerType" : "storeOffer"
         },
         "ec57b2d7-8d84-4f67-a16c-86371a840dfa" : {
            "date" : "2020-07-25",
            "isNew" : true,
            "offerType" : "storeOffer"
         },
         "ed1bc6c2-26f0-434b-9c18-95b08458cbee" : {
            "date" : "2020-07-25",
            "isNew" : true,
            "offerType" : "storeOffer"
         },
         "ed90908c-82f5-4b66-ab28-ee920fc1e9f2" : {
            "date" : "2020-07-25",
            "isNew" : true,
            "offerType" : "storeOffer"
         },
         "ef394a13-bf4f-4ae2-8caf-d96892217a65" : {
            "date" : "2020-07-25",
            "isNew" : true,
            "offerType" : "storeOffer"
         },
         "ef85fda2-3730-4f71-acae-61526a90ea4d" : {
            "date" : "2020-07-25",
            "isNew" : true,
            "offerType" : "storeOffer"
         },
         "efc1f8d0-dd34-4b6b-9a27-84cd0c5e2722" : {
            "date" : "2020-07-25",
            "isNew" : true,
            "offerType" : "storeOffer"
         },
         "f0e4fc78-f78e-402a-bb71-486d18008e60" : {
            "date" : "2020-07-25",
            "isNew" : true,
            "offerType" : "storeOffer"
         },
         "f1050318-bf51-4540-a78b-d43baa0951b4" : {
            "date" : "2020-07-25",
            "isNew" : true,
            "offerType" : "storeOffer"
         },
         "f1b3e640-b94e-4480-9627-1c9cadd73fc3" : {
            "date" : "2020-07-25",
            "isNew" : true,
            "offerType" : "storeOffer"
         },
         "f20f223c-168a-4df7-abae-8672de28b113" : {
            "date" : "2020-07-25",
            "isNew" : true,
            "offerType" : "storeOffer"
         },
         "f22ccccf-153c-4c08-ae2f-83b3ec63b0dd" : {
            "date" : "2020-07-25",
            "isNew" : true,
            "offerType" : "storeOffer"
         },
         "f246662a-5afa-486c-b227-5a8133158f96" : {
            "date" : "2020-07-25",
            "isNew" : true,
            "offerType" : "storeOffer"
         },
         "f2a325c9-77fa-4749-98c0-1eda3fa42263" : {
            "date" : "2020-07-25",
            "isNew" : true,
            "offerType" : "storeOffer"
         },
         "f39053fe-67f2-4d75-9bf2-18df93046c6a" : {
            "date" : "2020-07-25",
            "isNew" : true,
            "offerType" : "storeOffer"
         },
         "f42ae93e-da48-472a-80c0-59fb70302662" : {
            "date" : "2020-07-25",
            "isNew" : true,
            "offerType" : "storeOffer"
         },
         "f5d81c76-af3c-496d-86f9-124dd0ffc2f5" : {
            "date" : "2020-07-25",
            "isNew" : true,
            "offerType" : "storeOffer"
         },
         "f734487d-bfd7-4811-b08c-46480c91bb88" : {
            "date" : "2020-07-25",
            "isNew" : true,
            "offerType" : "storeOffer"
         },
         "f750eebb-a9cf-4d6a-9a40-89583fe8eb4f" : {
            "date" : "2020-07-25",
            "isNew" : true,
            "offerType" : "storeOffer"
         },
         "f97ddcbe-73bd-47bf-8d6d-198488dd8b12" : {
            "date" : "2020-07-25",
            "isNew" : true,
            "offerType" : "storeOffer"
         },
         "f9b2038d-2941-4925-98b4-5579de7ef72b" : {
            "date" : "2020-07-25",
            "isNew" : true,
            "offerType" : "storeOffer"
         },
         "f9e1c41c-6fc1-4037-bb6a-6f0b02a67bb3" : {
            "date" : "2020-07-25",
            "isNew" : true,
            "offerType" : "storeOffer"
         },
         "fa5a4230-8d88-4795-8963-24215cbd1dd5" : {
            "date" : "2020-07-25",
            "isNew" : false,
            "offerType" : "storeOffer"
         },
         "faf0087c-0567-46f9-822a-12c174f2f076" : {
            "date" : "2020-07-25",
            "isNew" : true,
            "offerType" : "storeOffer"
         },
         "fc1fdc3a-fb39-4274-be69-686159adf2b2" : {
            "date" : "2020-07-25",
            "isNew" : true,
            "offerType" : "storeOffer"
         },
         "fce8173f-4a16-4873-8674-11634da07d7c" : {
            "date" : "2020-07-25",
            "isNew" : true,
            "offerType" : "storeOffer"
         },
         "fcf7c87f-c594-4c91-b8f0-c74f3b8b8a8e" : {
            "date" : "2020-07-25",
            "isNew" : true,
            "offerType" : "storeOffer"
         },
         "fd7a5474-b2a0-4411-9704-6f31e39ce8cd" : {
            "date" : "2020-07-25",
            "isNew" : true,
            "offerType" : "storeOffer"
         },
         "fe3874fb-d0f1-44ad-ae47-3da1b68c49d0" : {
            "date" : "2020-07-25",
            "isNew" : true,
            "offerType" : "storeOffer"
         },
         "feb6e3cd-c340-441a-98e0-be02916d6f14" : {
            "date" : "2020-07-25",
            "isNew" : true,
            "offerType" : "storeOffer"
         },
         "ffa8f73b-3e73-42cc-ad8d-774de007f48f" : {
            "date" : "2020-07-25",
            "isNew" : true,
            "offerType" : "storeOffer"
         },
         "ffc92fed-3da1-4120-8302-17bccfcc8347" : {
            "date" : "2020-07-25",
            "isNew" : true,
            "offerType" : "storeOffer"
         }
      },
      "recentlyViewedProductIds" : [ "fa5a4230-8d88-4795-8963-24215cbd1dd5" ]
   }
}
