{ 
   "coin_icon_shimmer_animation": {
    "anim_type": "flip_book",
    "initial_uv": [ 0, 0 ],
    "frame_count": 84,
    "frame_step": 8,
    "fps": 16,
    "reversible": false,
    "easing": "linear"
  },
  
  "coin_icon_shimmer": {
    "type": "image",
    "texture": "textures/ui/CoinShimmer",
    "size": [ 10, 16 ],
    "uv_size": [ 10, 16 ],
    "uv": "@common_store.coin_icon_shimmer_animation"
  },
  
  "coin_balance_panel@common_store.ribbon_bar_text_background": {
    "size": [ 58, "100%" ],
    "controls": [
      {
        "coin_purchase_in_progress_panel": {
          "type": "panel",
          "size": [ 30, "default" ],
          "offset": [ 2, 0 ],
          "anchor_from": "left_middle",
          "anchor_to": "left_middle",
          "controls": [
            {
              "coin_purchase_in_progress@common_store.progress_loading_bars": {
                "size": [ "100%", "100%" ],
                "anchor_from": "center",
                "anchor_to": "center"
              }
            }
          ],
          "bindings": [
            {
              "binding_name": "#coin_purchase_in_progress",
              "binding_name_override": "#visible"
            }
          ]
        }
      },
      {
        "coin_balance_text": {
          "type": "label",
          "font_type": "smooth",
          "layer": 4,
          "size": [ 42, 14 ],
          "offset": [ -14, 1.5 ], // x offset around minecoin icon
          "text": "#coin_balance",
          "anchor_from": "right_middle",
          "anchor_to": "right_middle",
          "text_alignment": "right",
          "bindings": [
            {
              "binding_type": "global",
              "binding_name": "#coin_balance",
              "binding_condition": "always_when_visible"
            },
            {
              "binding_name": "(not #coin_purchase_in_progress)",
              "binding_name_override": "#visible"
            }
          ],
          "$text_color_swap|default": "",
          "variables": [
            {
              "requires": "$default_state",
              "$text_color_swap": "$coin_color"
            },
            {
              "requires": "$hover_state",
              "$text_color_swap": "$main_header_text_color"
            },
            {
              "requires": "$pressed_state",
              "$text_color_swap": "$main_header_text_color"
            },
            {
              "requires": "$locked_state",
              "$text_color_swap": "$main_header_text_color"
            }
          ],
          "color": "$text_color_swap"
        }
      },
      {
        "coin_icon@common_store.coin_icon_shimmer": {
          "anchor_from": "right_middle",
          "anchor_to": "right_middle",
          "$coin_icon_offset|default": [ -2, 0 ],
          "offset": "$coin_icon_offset",
          "layer": 3
        }
      }
    ]
  }
}