{ 
  "skin_or_profile_panel": {
    "type": "panel",
    "size": [ "100%", 25 ],
    "anchor_from": "bottom_middle",
    "anchor_to": "bottom_middle",
    "controls": [
      {
        "change_skin@start.change_skin_button": {
          "bindings": [
            {
              "binding_name": "(not #persona_enabled)",
              "binding_name_override": "#visible"
            }
          ]
        }
      },
      {
        "change_profile@start.profile_button_panel": {
          "bindings": [
            {
              "binding_name": "#persona_enabled",
              "binding_name_override": "#visible"
            }
          ]
        }
      }
    ]
  },
  
  "profile_button_panel": {
	"type": "panel",
    "size": [ "100%cm", 25 ],
	"controls": [
	  {
		"profile_button@start.profile_button": {
		  "layer": 2
		}
	  },
	  {
	    "emotes_icon@start.new_offers_icon": {
		  "offset": [ 20, -9 ],
		  "layer": 50,
		  "$tag_text": "Emotes!",
          "$tag_tts_control_header": "emotes"
		}
	  }
	]
  }
}